Protein Name,# Unique Peptides,Peptide,Peptide Theoretical Mass,Peptide Theoretical m/z (+1),ppm Error Threshold,Calc. Da Error Threshold,LC-MS/MS Scan
P11087,31,GETGEQGDR,947.3944,948.40224,50,0.04,20240702_R0008-R1.02194.02194.2
P11087,31,QGPSGSSGER,960.4261,961.43394,50,0.05,20240702_R0008-R1.02273.02273.2
P11087,31,GDRGDAGPK,871.4147,872.42254,50,0.04,20240702_R0008-R1.02280.02280.2
P11087,31,GNNGAPGNDGAK,1070.474,1071.48184,50,0.05,20240702_R0008-R1.02332.02332.2
P11087,31,GETGPAGR,743.3562,744.3640399999999,50,0.04,20240702_R0008-R1.02592.02592.2
P11087,31,GEAGPQGAR,841.4042,842.4120399999999,50,0.04,20240702_R0008-R1.02614.02614.2
P11087,31,GDAGPAGPK,768.3766,769.38444,50,0.04,20240702_R0008-R1.02770.02770.2
P11087,31,GPPGSAGSPGK,910.4508,911.45864,50,0.04,20240702_R0008-R1.03106.03106.2
P11087,31,GPAGPQGPRGDK,1135.5732,1136.58104,50,0.05,20240702_R0008-R1.03371.03371.3
P11087,31,GEPGDTGVK,858.4083,859.41614,50,0.04,20240702_R0008-R1.03475.03475.2
P11087,31,GPAGPQGPR,835.43,836.4378399999999,50,0.04,20240702_R0008-R1.03660.03660.2
P11087,31,GSEGPQGVR,885.4304,886.43824,50,0.04,20240702_R0008-R1.03717.03717.2
P11087,31,GDPGPQGPR,879.4199,880.42774,50,0.04,20240702_R0008-R1.03983.03983.2
P11087,31,GPAGPQGPRGDKGETGEQGDR,2064.9573,2065.9651400000002,50,0.11,20240702_R0008-R1.04787.04787.4
P11087,31,GEAGPSGPPGPTGAR,1306.6265,1307.63434,50,0.07,20240702_R0008-R1.07533.07533.2
P11087,31,GVQGPPGPAGPR,1088.5726,1089.58044,50,0.05,20240702_R0008-R1.08116.08116.2
P11087,31,DGEAGAQGAPGPAGPAGER,1663.7549,1664.76274,50,0.08,20240702_R0008-R1.08481.08481.3
P11087,31,GFSGLDGAK,850.4185,851.42634,50,0.04,20240702_R0008-R1.10478.10478.2
P11087,31,NGDRGETGPAGPAGPIGPAGAR,1973.9666,1974.97444,50,0.1,20240702_R0008-R1.11382.11382.3
P11087,31,GFSGLDGAKGDAGPAGPK,1600.7844,1601.79224,50,0.08,20240702_R0008-R1.12077.12077.3
P11087,31,SAGVSVPGPMGPSGPR,1467.7139,1468.72174,50,0.07,20240702_R0008-R1.12607.12607.2
P11087,31,GETGPAGPAGPIGPAGAR,1531.7742,1532.78204,50,0.07,20240702_R0008-R1.12887.12887.3
P11087,31,GVVGLPGQR,881.5082,882.51604,50,0.05,20240702_R0008-R1.13165.13165.2
P11087,31,GQAGVMGFPGPK,1160.5647,1161.57254,50,0.05,20240702_R0008-R1.15311.15311.2
P11087,31,SAGVSVPGPMGPSGPR,1451.719,1452.72684,50,0.07,20240702_R0008-R1.15837.15837.2
P11087,31,GPPGPMGPPGLAGPPGESGR,1799.8623,1800.87014,50,0.09,20240702_R0008-R1.16434.16434.3
P11087,31,SLSQQIENIR,1186.6305,1187.63834,50,0.06,20240702_R0008-R1.17452.17452.2
P11087,31,GPPGPMGPPGLAGPPGESGR,1783.8674,1784.87524,50,0.09,20240702_R0008-R1.17471.17471.3
P11087,31,GFSGLQGPPGSPGSPGEQGPSGASGPAGPR,2646.2422,2647.2500400000004,50,0.13,20240702_R0008-R1.17686.17686.3
P11087,31,GADGSPGKDGAR,1086.5052,1087.51304,50,0.06,20240702_R0008-R2.02527.02527.3
P11087,31,QGPSGSSGERGPPGPMGPPGLAGPPGESGR,2742.2778,2743.28564,50,0.14,20240702_R0008-R2.15910.15910.3
P11087,31,EGSPGAEGSPGR,1099.4893,1100.49714,50,0.06,20240702_R0008-R3.03560.03560.2
P11087,31,GRPGPPGTAGAR,1092.5787,1093.58654,50,0.06,20240702_R0008-R3.05239.05239.3
